ID,Description,setSize,enrichmentScore,NES,pvalue,p.adjust,qvalues,rank,leading_edge,core_enrichment
48h_IL2_repressed,48h_IL2_repressed,234,-0.5537456405675398,-1.1829088198326712,0.08746789238880627,0.17493578477761254,0.17493578477761254,856,"tags=12%, list=7%, signal=11%",Dnah8/Hck/Apol7b/Il15/Gm12185/Mcoln3/Ap1m2/Spink13/Nav2/Gm15133/Lynx1/Ifit1bl2/St8sia1/Tox2/Gm16086/Cstad/Gm4951/Cpq/A630023P12Rik/Gm26551/Tnnt3/Kcnmb4/Myo1e/Acpp/Gm11342/Apol7e/Glcci1
48h_IL2_promoted,48h_IL2_promoted,115,0.46350771320658246,1.012476569859823,0.38321927997619754,0.38321927997619754,0.38321927997619754,659,"tags=14%, list=5%, signal=13%",Sema7a/Tmcc3/Dab2ip/Pkib/Gm17590/Enah/Fzd7/Amz1/Gm27019/Repin1/Lonrf1/Armcx4/Hbegf/Gm13522/Maats1/Asph
