ID,Description,setSize,enrichmentScore,NES,pvalue,p.adjust,qvalues,rank,leading_edge,core_enrichment
48h_IL2_promoted,48h_IL2_promoted,57,0.3828985187817887,1.1998321064582305,0.20280063874216928,0.40560127748433855,0.40560127748433855,433,"tags=12%, list=10%, signal=11%",Tbc1d16/Mettl1/Hormad2/Gadd45g/Slc14a1/Socs2/Chchd10
48h_IL2_repressed,48h_IL2_repressed,171,0.2247622691522903,0.7940911132975539,0.8671173550227105,0.8671173550227105,0.8671173550227105,493,"tags=11%, list=11%, signal=10%",Gm26551/Inpp4b/Irf7/Itgae/Trpm1/Ppic/Klf2/Gm19261/Nsg2/Gm12185/Ifi214/Lypd6b/Art2b/9930111J21Rik2/Arhgef2/St6galnac3/Ms4a4c/Gbp2/Cd1d1
