ID,Description,setSize,enrichmentScore,NES,pvalue,p.adjust,qvalues,rank,leading_edge,core_enrichment
48h_IL2_repressed,48h_IL2_repressed,190,0.23853438839632285,0.9351397571742732,0.6190215606873153,0.6878532847632207,0.6878532847632207,493,"tags=13%, list=11%, signal=12%",Timp2/Irf7/Itgae/Kcna2/Syt6/Tgtp1/Trpm1/Ppic/Usp18/Parp8/Klf2/Stat1/Nsg2/Pacsin1/Klhl3/Phf11a/Gm12185/Ifi214/Lypd6b/Art2b/9930111J21Rik2/St6galnac3/Ms4a4c/Gbp2/Cd1d1
48h_IL2_promoted,48h_IL2_promoted,77,0.24612503692105814,0.8695461560398431,0.6878532847632207,0.6878532847632207,0.6878532847632207,433,"tags=9%, list=10%, signal=8%",Tbc1d16/Hormad2/Gadd45g/Cd2/Slc14a1/Socs2/Chchd10
