ID,Description,setSize,enrichmentScore,NES,pvalue,p.adjust,qvalues,rank,leading_edge,core_enrichment
48h_IL2_repressed,48h_IL2_repressed,171,0.3006893515393641,1.3681896724464664,0.012437810945273632,0.024875621890547265,0.013092432573972244,243,"tags=16%, list=5%, signal=16%",Ms4a4c/Gm19261/Gbp2/Dapl1/Inpp4b/Tmie/Rgmb/Gbp4/Irf7/Klf2/Slfn1/Tlr1/Slamf6/Pgpep1l/Sh3bp5/Nsg2/Gm15133/Cmah/Dgka/Gbp9/Gm14085/1810041H14Rik/Gm11342/Gpr183/A630023P12Rik/Ifi213/Iigp1/Ifi214
48h_IL2_promoted,48h_IL2_promoted,57,-0.3929119414302715,-1.2250579651361688,0.17831998057781015,0.17831998057781015,0.09385262135674217,861,"tags=23%, list=19%, signal=19%",Enah/Mirt1/Cdk6/Prdm1/Xbp1/Ppt1/Frmd4b/Il18r1/Tcrg-C4/Ifng/Ctla2a/Gzmb/Vim
