ID,Description,setSize,enrichmentScore,NES,pvalue,p.adjust,qvalues,rank,leading_edge,core_enrichment
48h_IL2_promoted,48h_IL2_promoted,57,0.2797823345516361,0.7775807768986874,0.8030235660293463,0.8572295861580492,0.8572295861580492,773,"tags=16%, list=17%, signal=13%",Prdm1/Ikzf4/Gzmb/Ctla2a/Mirt1/Vim/Il18r1/Pim1/Ppt1
48h_IL2_repressed,48h_IL2_repressed,171,0.26759540928361614,0.8014024749846408,0.8572295861580492,0.8572295861580492,0.8572295861580492,494,"tags=13%, list=11%, signal=12%",Samd3/Myo1e/Atp9a/Tmem243/Klrb1f/Arrdc4/Glcci1/Car2/Tbc1d4/Rab37/Btg2/Hsd11b1/Itga4/Cysltr2/Gm26740/Cd1d1/Cd74/Gm43647/Trim34a/Ikzf2/Pglyrp1/Mxd4
