ID,Description,setSize,enrichmentScore,NES,pvalue,p.adjust,qvalues,rank,leading_edge,core_enrichment
48h_IL2_promoted,48h_IL2_promoted,57,0.3407933631407453,0.8746754609665344,0.6841361313471784,0.8880514521153653,0.8880514521153653,773,"tags=16%, list=17%, signal=13%",Prdm1/Ikzf4/Gzmb/Ctla2a/Mirt1/Vim/Il18r1/Pim1/Ppt1
48h_IL2_repressed,48h_IL2_repressed,171,0.29159273895813864,0.7893544672275581,0.8880514521153653,0.8880514521153653,0.8880514521153653,494,"tags=13%, list=11%, signal=12%",Samd3/Myo1e/Atp9a/Tmem243/Klrb1f/Arrdc4/Glcci1/Car2/Tbc1d4/Rab37/Btg2/Hsd11b1/Itga4/Cysltr2/Gm26740/Cd1d1/Cd74/Gm43647/Trim34a/Ikzf2/Pglyrp1/Mxd4
