ID,Description,setSize,enrichmentScore,NES,pvalue,p.adjust,qvalues,rank,leading_edge,core_enrichment
48h_IL2_promoted,48h_IL2_promoted,57,0.4911691549500233,1.3478430511012516,0.10171112764374535,0.2034222552874907,0.2034222552874907,322,"tags=11%, list=7%, signal=10%",Setbp1/Mirt1/Slc14a1/Prdm1/Il18r1/Tcrg-C4
48h_IL2_repressed,48h_IL2_repressed,171,0.36135768729178164,1.0373650675834059,0.43839598997493734,0.43839598997493734,0.43839598997493734,553,"tags=13%, list=12%, signal=12%",Kcnip3/Samd3/Apobec1/Xcl1/Cd1d1/Ncoa7/Dnah8/Gm19705/Itgb3/Ms4a4c/Uba7/Mxd4/H2-Oa/Tmem71/Tmem243/9930111J21Rik2/Ctsw/Lztfl1/Sh3bp5/Sesn3/Btg2/Ifit1bl1/Klrd1
