ID,Description,setSize,enrichmentScore,NES,pvalue,p.adjust,qvalues,rank,leading_edge,core_enrichment
48h_IL2_repressed,48h_IL2_repressed,171,0.24562174899738182,0.8318499535237944,0.8142350240033396,0.9808341369334619,0.9808341369334619,346,"tags=10%, list=8%, signal=10%",Gbp10/Pgpep1l/Gm19261/Zfp831/Gbp2/Trpm1/Itgb3/Gm11342/Sh3bp5/Gbp9/Ms4a4c/Cmah/Txk/Ifi213/Cysltr2/Scml4/Fbxo32
48h_IL2_promoted,48h_IL2_promoted,57,0.18803386595989988,0.5716367814377977,0.9808341369334619,0.9808341369334619,0.9808341369334619,296,"tags=5%, list=7%, signal=5%",Cdk6/Chchd10/Furin
