ID,Description,setSize,enrichmentScore,NES,pvalue,p.adjust,qvalues,rank,leading_edge,core_enrichment
48h_IL2_repressed,48h_IL2_repressed,171,0.2497192832157733,0.8282723259076984,0.816796267496112,0.9796791443850268,0.9796791443850268,346,"tags=10%, list=8%, signal=10%",Gbp10/Pgpep1l/Gm19261/Zfp831/Gbp2/Trpm1/Itgb3/Gm11342/Sh3bp5/Gbp9/Ms4a4c/Cmah/Txk/Ifi213/Cysltr2/Scml4/Fbxo32
48h_IL2_promoted,48h_IL2_promoted,57,0.1952848611768113,0.5825335974253425,0.9796791443850268,0.9796791443850268,0.9796791443850268,296,"tags=5%, list=7%, signal=5%",Cdk6/Chchd10/Furin
