{
    "read_files": "( 276_3_R1.fastq, 276_3_R2.fastq )",
    "expected_format": "IU",
    "compatible_fragment_ratio": 0.9981093477021693,
    "num_compatible_fragments": 18614916,
    "num_assigned_fragments": 18650177,
    "num_consistent_mappings": 48927749,
    "num_inconsistent_mappings": 10822702,
    "strand_mapping_bias": 0.49921896059432452,
    "MSF": 0,
    "OSF": 25282,
    "ISF": 24502089,
    "MSR": 0,
    "OSR": 24076,
    "ISR": 24425660,
    "SF": 5327230,
    "SR": 5387477,
    "MU": 0,
    "OU": 0,
    "IU": 0,
    "U": 0
}