{
    "read_files": "( 276_1_R1.fastq, 276_1_R2.fastq )",
    "expected_format": "IU",
    "compatible_fragment_ratio": 0.99799155124340688,
    "num_compatible_fragments": 17219955,
    "num_assigned_fragments": 17254610,
    "num_consistent_mappings": 46663735,
    "num_inconsistent_mappings": 11371460,
    "strand_mapping_bias": 0.49936664949773096,
    "MSF": 0,
    "OSF": 29703,
    "ISF": 23361422,
    "MSR": 0,
    "OSR": 28996,
    "ISR": 23302313,
    "SF": 5605771,
    "SR": 5649779,
    "MU": 0,
    "OU": 0,
    "IU": 0,
    "U": 0
}