ID,Description,setSize,enrichmentScore,NES,pvalue,p.adjust,qvalues,rank,leading_edge,core_enrichment
48h_IL2_repressed,48h_IL2_repressed,44,-0.341700238020198,-1.2442720121315989,0.1405697650239135,0.281139530047827,0.281139530047827,87,"tags=30%, list=16%, signal=27%",Slfn1/Dapk2/Ifi208/Ddx58/Nod1/Cmah/Phf11b/Ccr9/Arl5c/Ifi214/Dgka/Slamf6/Ddx60
48h_IL2_promoted,48h_IL2_promoted,13,0.4251524489367601,1.1212206737897832,0.3130583539251093,0.3130583539251093,0.3130583539251093,55,"tags=31%, list=10%, signal=28%",Furin/Irf4/Prdm1/Il18r1
