ID,Description,setSize,enrichmentScore,NES,pvalue,p.adjust,qvalues,rank,leading_edge,core_enrichment
48h_IL2_promoted,48h_IL2_promoted,15,0.4249679418905516,1.0978915375063452,0.35731351207857714,0.7146270241571543,0.7146270241571543,157,"tags=47%, list=20%, signal=38%",Irf4/Prdm1/Il2ra/Ctla2a/Dgkh/Furin/Lamc1
48h_IL2_repressed,48h_IL2_repressed,50,0.2143028899789471,0.6990936364606012,0.9086981239340535,0.9086981239340535,0.9086981239340535,268,"tags=38%, list=34%, signal=27%",Sgk1/Cd160/Ms4a4c/Ifi214/Klrd1/Ifi203/Gpr183/Cxcr6/Lax1/Art2b/Cmah/Rap1gap2/Crtam/Rtp4/Trim34a/Txk/Ipcef1/Asap1/Ddx58
