{
    "read_files": "( 276_10_R1.fastq, 276_10_R2.fastq )",
    "expected_format": "IU",
    "compatible_fragment_ratio": 0.99806986473182557,
    "num_compatible_fragments": 17420011,
    "num_assigned_fragments": 17453699,
    "num_consistent_mappings": 44470353,
    "num_inconsistent_mappings": 9222176,
    "strand_mapping_bias": 0.49904638715145794,
    "MSF": 0,
    "OSF": 26665,
    "ISF": 22277584,
    "MSR": 0,
    "OSR": 25510,
    "ISR": 22192769,
    "SF": 4545261,
    "SR": 4578251,
    "MU": 0,
    "OU": 0,
    "IU": 0,
    "U": 0
}