esblID,KO_48h_1,KO_48h_2,KO_DP_1,KO_DP_2,KO_EE_1,KO_EE_2,KO_MP_1,KO_MP_2,KO_Naive_2,KO_TE_1,KO_TE_2,KO_naive_1,WT_48h_1,WT_48h_2,WT_DP_1,WT_DP_2,WT_EE_1,WT_EE_2,WT_MP_1,WT_MP_2,WT_Naive_2,WT_TE_1,WT_TE_2,WT_naive_1
ENSMUST00000051558.9,6.09576,5.96508,4.55699,3.95166,4.46739,4.62824,3.51522,4.47212,2.61191,4.7223,4.95616,4.65992,3.62032,3.75322,7.29095,3.92447,3.38413,3.37558,3.59536,4.05837,6.07718,5.26208,6.39838,3.93227
ENSMUST00000039267.9,0.0,0.011775,0.0,0.0,0.0,0.0,0.0111688,0.0,0.0,0.0125529,0.0,0.0317909,0.0,0.0,0.0,0.0,0.0,0.0,0.0,0.0,0.0178976,0.0,0.0105,0.0129764
ENSMUST00000170391.1,10.0904,7.26102,5.82138,6.93735,5.29868,8.54049,5.20883,6.49257,2.91466,7.39573,8.15923,6.91483,7.29161,7.24232,10.878,8.73259,4.69678,7.96151,5.99916,6.53324,16.1104,8.45134,10.5606,9.3338
ENSMUST00000127476.7,21.0254,18.7143,8.33315,9.35856,11.474,11.7158,9.1136,10.0872,8.89257,12.1167,12.4177,29.0327,0.0547593,0.064232,0.2175,0.0,0.308868,0.0,0.062856,0.0,1.41498,0.0933024,0.121528,2.63928
ENSMUST00000222546.1,0.0,0.0,0.109844,0.0,0.0,0.0,0.0,0.142196,0.0,0.0,0.0,0.0,0.0,0.0,0.0,0.0,0.120026,0.0,0.0,0.0,0.0,0.11762,0.0,0.0
ENSMUST00000129655.1,0.0,0.133654,0.0,0.0,0.147885,0.44202,0.0,0.436102,0.13703,0.0,0.301816,0.296462,0.0,0.0,0.428529,0.164936,0.0,0.0,0.0,0.155862,0.576323,0.0,0.603664,0.144565
ENSMUST00000130709.1,0.0,0.0823518,0.0,0.0,0.0,0.0867832,0.0,0.0,0.0,0.0,0.0,0.0,0.0,0.0,0.0,0.0,0.0,0.0,0.0,0.0,0.0,0.0,0.102861,0.0775848
ENSMUST00000170457.1,1.18394,0.902549,0.586847,0.802744,0.626327,0.613376,0.463391,0.618211,0.50444,0.577926,0.895564,1.87622,0.245035,0.511863,0.400388,0.366064,0.401826,0.484019,0.496967,0.243762,1.41926,0.33146,0.642021,0.413482
