ID,Description,setSize,enrichmentScore,NES,pvalue,p.adjust,qvalues,rank,leading_edge,core_enrichment
48h_IL2_repressed,48h_IL2_repressed,40,-0.3148744031437043,-1.1887210897008242,0.17877679038159958,0.23570726225593483,0.23570726225593483,103,"tags=38%, list=15%, signal=34%",Rtp4/Ifi209/Gbp8/Dapk2/Ipcef1/Tcf7/Sesn3/Epsti1/Ncald/Plxdc2/Ccr9/Arl5c/Ikzf2/Trim12a/Mndal
48h_IL2_promoted,48h_IL2_promoted,13,0.500397465466354,1.2062754751686477,0.23570726225593483,0.23570726225593483,0.23570726225593483,82,"tags=46%, list=12%, signal=42%",Irf4/Prdm1/Furin/Ifng/Cdk6/Ctla2a
