ID,Description,setSize,enrichmentScore,NES,pvalue,p.adjust,qvalues,rank,leading_edge,core_enrichment
48h_IL2_promoted,48h_IL2_promoted,13,-0.4315287692997277,-1.212891881394014,0.22381129271916791,0.37354906788603587,0.37354906788603587,161,"tags=62%, list=34%, signal=42%",Lamc1/Cdk6/Il18r1/Il2ra/Slc14a1/Sema7a/Ctla2a/Prdm1
48h_IL2_repressed,48h_IL2_repressed,45,-0.27196840269853023,-1.0462314907435133,0.37354906788603587,0.37354906788603587,0.37354906788603587,133,"tags=36%, list=28%, signal=28%",Tcf7/Mndal/Sgk1/Cd86/Trim34a/Ikzf2/Ifi206/Phf11b/Cxcr6/Trim12a/Gpr183/Ifi213/Itga4/Lax1/Ncald/Ifi203
