{
    "read_files": "( 276_23_R1.fastq, 276_23_R2.fastq )",
    "expected_format": "IU",
    "compatible_fragment_ratio": 0.99838227552553027,
    "num_compatible_fragments": 14204993,
    "num_assigned_fragments": 14228010,
    "num_consistent_mappings": 37311111,
    "num_inconsistent_mappings": 13582216,
    "strand_mapping_bias": 0.49957477814048473,
    "MSF": 0,
    "OSF": 18519,
    "ISF": 18671421,
    "MSR": 0,
    "OSR": 18127,
    "ISR": 18639690,
    "SF": 6701887,
    "SR": 6789858,
    "MU": 0,
    "OU": 0,
    "IU": 0,
    "U": 0
}