"{'params': {'zero_center': True, 'use_highly_variable': False}, 'variance': array([65.40852  ,  9.625355 ,  5.66706  ,  4.5548058,  3.4368238,
        2.7627184,  2.512586 ,  2.0796163,  1.8611534,  1.7293578,
        1.6314461,  1.5132794,  1.3428504,  1.3330407,  1.2593337,
        1.2220064,  1.1792208,  1.1524885,  1.125356 ,  1.085146 ],
      dtype=float32), 'variance_ratio': array([0.12414225, 0.01826846, 0.01075581, 0.0086448 , 0.00652293,
       0.00524351, 0.00476877, 0.00394701, 0.00353238, 0.00328224,
       0.00309641, 0.00287213, 0.00254867, 0.00253005, 0.00239016,
       0.00231931, 0.0022381 , 0.00218737, 0.00213587, 0.00205956],
      dtype=float32)}"
