{
    "read_files": "( 276_17_R1.fastq, 276_17_R2.fastq )",
    "expected_format": "IU",
    "compatible_fragment_ratio": 0.99772128324946885,
    "num_compatible_fragments": 14815310,
    "num_assigned_fragments": 14849147,
    "num_consistent_mappings": 41711578,
    "num_inconsistent_mappings": 17083028,
    "strand_mapping_bias": 0.49933054558616796,
    "MSF": 0,
    "OSF": 31480,
    "ISF": 20883713,
    "MSR": 0,
    "OSR": 31520,
    "ISR": 20827865,
    "SF": 8454343,
    "SR": 8484465,
    "MU": 0,
    "OU": 0,
    "IU": 0,
    "U": 0
}