ID,Description,setSize,enrichmentScore,NES,pvalue,p.adjust,qvalues,rank,leading_edge,core_enrichment
48h_IL2_promoted,48h_IL2_promoted,115,-0.6364620113081807,-1.332780827058867,0.046419098143236075,0.09283819628647215,0.048862208571827444,602,"tags=13%, list=5%, signal=13%",Nek6/Egln3/Fam20a/Ppm1e/Slc39a8/Ccdc116/B4galt4/Gm17590/Mrvi1/Emilin2/Gm13522/Armcx4/Hormad2/Tnfrsf21/Lta
48h_IL2_repressed,48h_IL2_repressed,234,0.43847109674969736,1.0124681511731135,0.3954665492957746,0.3954665492957746,0.20814028910303928,503,"tags=8%, list=4%, signal=8%",Nav2/Tnnt3/Ccdc148/Trpm1/Igfbp7/Zfp831/Serpina3f/Kcnip3/Spink13/Lypd6b/Tmie/Gm14085/Gm12185/Slc6a19/Pdk2/Cpq/2010109I03Rik/Myo1h
