ID,Description,setSize,enrichmentScore,NES,pvalue,p.adjust,qvalues,rank,leading_edge,core_enrichment
48h_IL2_repressed,48h_IL2_repressed,46,-0.38232252827782,-1.6308989459106766,0.00973393900064893,0.01946787800129786,0.010246251579630451,96,"tags=33%, list=13%, signal=30%",Slc28a2/Plxdc2/Itga4/Cxcr6/Ifi206/Parp14/Ikbke/Ctss/Trim12a/Sesn3/Ccr9/Slamf6/Ifi213/Arl5c/Ikzf2
48h_IL2_promoted,48h_IL2_promoted,22,0.3460338098884898,0.9927458964516271,0.484304932735426,0.484304932735426,0.25489733301864526,47,"tags=18%, list=6%, signal=18%",Crybg3/Irf4/Ifng/Tnfrsf9
