ID,Description,setSize,enrichmentScore,NES,pvalue,p.adjust,qvalues,rank,leading_edge,core_enrichment
48h_IL2_repressed,48h_IL2_repressed,36,-0.45946519630257837,-1.8636232004349758,0.0038503850385038503,0.007700770077007701,0.0040530368826356316,91,"tags=33%, list=12%, signal=31%",Plxdc2/Itga4/Cxcr6/Ifi206/Trim12a/Sesn3/Ccr9/Slamf6/Ifi213/Arl5c/Ncald/Ikzf2
48h_IL2_promoted,48h_IL2_promoted,14,-0.2916637295972254,-0.919316754456234,0.5719113781449493,0.5719113781449493,0.3010059884973417,95,"tags=36%, list=13%, signal=32%",Pim1/Ttc39c/BC035044/Sema7a/Il18r1
