hour,WT-KO_up,WT-KO_dn,WT-nav_up,WT-nav_dn,KO-nav_up,KO_nav_dn,WT-KO_up_and_WT-nav_up,WT-KO_dn_and_WT-nav_dn,WT-KO_up_and_WT-nav_up_pctg,WT-KO_dn_and_WT-nav_dn_pctg
0,49,177,0,0,0,0,0,0,0.0,0.0
6,159,156,13376,15034,10893,10893,104,123,0.777511961722488,0.8181455367832913
24,354,428,14218,15028,13238,13238,217,248,1.5262343508229006,1.6502528613255258
48,1951,1957,14371,13857,11942,11942,1421,1258,9.887968826108134,9.078444107671213
