ID,Description,setSize,enrichmentScore,NES,pvalue,p.adjust,qvalues,rank,leading_edge,core_enrichment
48h_IL2_repressed,48h_IL2_repressed,234,0.5804478575854416,1.1519902192722995,0.14387951292458875,0.15972382048331416,0.15972382048331416,1371,"tags=17%, list=11%, signal=16%",Podnl1/Cd200r4/Apol7e/Cd86/Samd3/Gm4951/Dapk2/Gm44175/Prss30/Cpq/Cnrip1/Gm26583/Ap1m2/Xcl1/Slc46a3/Kcnip3/2010109I03Rik/Kit/Serpina3g/9930111J21Rik1/Cfap77/Gm45552/Klrb1f/Lad1/Gm11998/Ms4a4c/Gm33104/Tmie/Gm19261/Gm11342/Endod1/Iigp1/Gbp7/Gbp2/Gm15133/Tlr1/Spo11/Gbp4/Gm43672/A630023P12Rik
48h_IL2_promoted,48h_IL2_promoted,115,0.6194285620388329,1.178775549502746,0.15972382048331416,0.15972382048331416,0.15972382048331416,984,"tags=19%, list=8%, signal=18%",Tbc1d16/Lif/BC035044/Adgrb2/Lilrb4a/Selp/Setbp1/Gm27019/Lonrf1/Socs2/Rhoq/Alpk2/Pycr1/Itih5/Pros1/Slc29a2/Dusp8/Ptprk/Tmem163/Slc39a8/Nav1/Tgm2
