ID,Description,setSize,enrichmentScore,NES,pvalue,p.adjust,qvalues,rank,leading_edge,core_enrichment
48h_IL2_promoted,48h_IL2_promoted,115,0.6364620113081807,1.336616916847503,0.038432835820895524,0.07686567164179105,0.040455616653574236,601,"tags=13%, list=5%, signal=13%",Lta/Tnfrsf21/Hormad2/Armcx4/Gm13522/Emilin2/Mrvi1/Gm17590/B4galt4/Ccdc116/Slc39a8/Ppm1e/Fam20a/Egln3/Nek6
48h_IL2_repressed,48h_IL2_repressed,234,-0.4385507526362674,-1.0123203158344851,0.395256040789182,0.395256040789182,0.20802949515220104,503,"tags=10%, list=4%, signal=10%",Car2/Gm15133/Iigp1/Ticam2/Fcrl1/Myo1h/2010109I03Rik/Cpq/Pdk2/Slc6a19/Gm12185/Gm14085/Tmie/Lypd6b/Spink13/Kcnip3/Serpina3f/Zfp831/Igfbp7/Trpm1/Ccdc148/Tnnt3/Nav2
