{
    "read_files": "( 276_19_R1.fastq, 276_19_R2.fastq )",
    "expected_format": "IU",
    "compatible_fragment_ratio": 0.99834813382107146,
    "num_compatible_fragments": 16095135,
    "num_assigned_fragments": 16121766,
    "num_consistent_mappings": 48384120,
    "num_inconsistent_mappings": 20350739,
    "strand_mapping_bias": 0.49932827134191959,
    "MSF": 0,
    "OSF": 25161,
    "ISF": 24224561,
    "MSR": 0,
    "OSR": 25187,
    "ISR": 24159559,
    "SF": 10036856,
    "SR": 10173336,
    "MU": 0,
    "OU": 0,
    "IU": 0,
    "U": 0
}