ID,Description,setSize,enrichmentScore,NES,pvalue,p.adjust,qvalues,rank,leading_edge,core_enrichment
48h_IL2_promoted,48h_IL2_promoted,115,0.47745161720624413,0.9184828276098234,0.6403079931557076,0.9357452003107313,0.9357452003107313,809,"tags=10%, list=6%, signal=10%",Lilr4b/Gm13546/Dab2ip/Nav1/Gm13522/Emilin2/Mrvi1/Osbpl1a/Lilrb4a/Ptpn14/Ccdc116/Slc29a2
48h_IL2_repressed,48h_IL2_repressed,234,0.3928816904840542,0.796127640764305,0.9357452003107313,0.9357452003107313,0.9357452003107313,855,"tags=9%, list=7%, signal=9%",9930111J21Rik1/Cstad/Spo11/Apobec1/Cfap77/Nrg2/Hck/Dsp/Tbc1d4/Gm45353/Nod2/Lynx1/Ifi205/Pgpep1l/Gm32633/Card10/Amigo2/Dhrs3/Ticam2/Atp9a/AI847159
