{
    "read_files": "( 276_9_R1.fastq, 276_9_R2.fastq )",
    "expected_format": "IU",
    "compatible_fragment_ratio": 0.99803606988756743,
    "num_compatible_fragments": 16112453,
    "num_assigned_fragments": 16144159,
    "num_consistent_mappings": 42726536,
    "num_inconsistent_mappings": 8572949,
    "strand_mapping_bias": 0.49903167904835533,
    "MSF": 0,
    "OSF": 25687,
    "ISF": 21404641,
    "MSR": 0,
    "OSR": 24719,
    "ISR": 21321895,
    "SF": 4215410,
    "SR": 4262276,
    "MU": 0,
    "OU": 0,
    "IU": 0,
    "U": 0
}