All_ranked,All_ranked_likelihood
Uhrf1,0.4604023083990396
Dnajc2,0.2979448870779252
Supt16,0.4298635426618767
Timeless,0.4082573532526975
E2f8,0.2997307215042873
Parp1,0.2964308584098235
Nsd2,0.4488810412307461
Hells,0.5205003254922055
Mcm4,0.5743328682141716
Tfdp1,0.404338047107314
Il2ra,0.25478932850348074
Snrpd1,0.4603867051469102
Trip13,0.3574442905451406
Wdhd1,0.3397233921145509
