All_ranked,All_ranked_likelihood
Snrpd1,0.4603867051469102
Il2ra,0.25478932850348074
Timeless,0.4082573532526975
Parp1,0.2964308584098235
Hells,0.5205003254922055
Mcm4,0.5743328682141716
Wdhd1,0.3397233921145509
Tfdp1,0.404338047107314
E2f8,0.2997307215042873
Trip13,0.3574442905451406
Uhrf1,0.4604023083990396
