Arm_ranked,Arm_ranked_likelihood,Cl13_ranked,Cl13_ranked_likelihood
Klrk1,0.30022931211985365,Klf3,0.3126746144685061
Id2,0.29314599903920696,Cxcr6,0.3017691871318007
Ccr2,0.2819642921785037,Kdm7a,0.2871905287165821
Klrd1,0.25866825877418104,Ccr2,0.2596983156577136
Il10ra,0.2565731830218694,,
Cd53,0.25001235090847845,,
