{
    "read_files": "( 276_21_R1.fastq, 276_21_R2.fastq )",
    "expected_format": "IU",
    "compatible_fragment_ratio": 0.99733385969613042,
    "num_compatible_fragments": 17103413,
    "num_assigned_fragments": 17149135,
    "num_consistent_mappings": 49007160,
    "num_inconsistent_mappings": 12853893,
    "strand_mapping_bias": 0.49920025971715154,
    "MSF": 0,
    "OSF": 20500,
    "ISF": 24542773,
    "MSR": 0,
    "OSR": 19529,
    "ISR": 24464387,
    "SF": 6319512,
    "SR": 6378160,
    "MU": 0,
    "OU": 0,
    "IU": 0,
    "U": 0
}