cell_type,P0,P1,P2,P3,P4,P5,P6,P7,P8,P9,P10
NP14B,97.90748898678414,0.22026431718061676,1.6519823788546255,0.0,0.0,0.0,0.0,0.0,0.0,0.11013215859030838,0.11013215859030838
A5P,0.0,0.08,27.04,14.000000000000002,12.32,23.52,19.2,2.56,0.08,1.1199999999999999,0.08
A5T,0.16,19.919999999999998,9.84,18.16,7.199999999999999,15.440000000000001,17.44,2.16,0.0,9.44,0.24
C5P,0.0,0.0,2.88,26.640000000000004,3.5999999999999996,19.84,20.72,23.28,1.76,1.1199999999999999,0.16
A8P,0.08833922261484099,0.0,1.4134275618374559,3.180212014134275,0.26501766784452296,1.325088339222615,1.1484098939929328,1.76678445229682,0.0,44.69964664310954,46.113074204947
A8T,0.72,6.5600000000000005,2.08,4.72,0.96,2.4,2.64,2.16,0.72,42.88,34.160000000000004
C8P,0.1310615989515072,0.0,3.014416775884666,17.03800786369594,0.7863695937090431,4.849279161205767,5.6356487549148095,14.154652686762779,53.86631716906947,0.5242463958060288,0.0
