ID,Description,setSize,enrichmentScore,NES,pvalue,p.adjust,qvalues,rank,leading_edge,core_enrichment
48h_IL2_promoted,48h_IL2_promoted,3,-0.5611381772050956,-0.98633022191094,0.5218573520184062,0.8286127167630057,0.8286127167630057,14,"tags=67%, list=5%, signal=64%",Pim1/Cdk6
48h_IL2_repressed,48h_IL2_repressed,29,-0.2083186790019108,-0.7707334545676157,0.8286127167630057,0.8286127167630057,0.8286127167630057,40,"tags=17%, list=14%, signal=16%",Asap1/Ifi214/Arl5c/Plxdc2/Rasa3
