ID,Description,setSize,enrichmentScore,NES,pvalue,p.adjust,qvalues,rank,leading_edge,core_enrichment
48h_IL2_repressed,48h_IL2_repressed,53,-0.2676214799366048,-1.1547747482328976,0.19314205738278517,0.38628411476557034,0.38628411476557034,106,"tags=28%, list=16%, signal=26%",Rasa3/Ctss/Ifi209/Slfn8/Slamf6/Tcp11l2/Ccr9/Slc28a2/Arl5c/Ifi213/Trim34a/Ikzf2/Trim12a/Ikbke/Plxdc2
48h_IL2_promoted,48h_IL2_promoted,19,0.36829813132720207,1.0148015307512805,0.4526891765647938,0.4526891765647938,0.4526891765647938,87,"tags=26%, list=13%, signal=24%",Furin/Galnt3/Crybg3/Tnfrsf9/Atp2b4
