ID,Description,setSize,enrichmentScore,NES,pvalue,p.adjust,qvalues,rank,leading_edge,core_enrichment
48h_IL2_repressed,48h_IL2_repressed,41,-0.3017993158734089,-1.2338924123946835,0.12371721778791334,0.24743443557582667,0.24743443557582667,106,"tags=29%, list=16%, signal=26%",Rasa3/Ifi209/Slamf6/Tcp11l2/Ccr9/Arl5c/Ifi213/Trim34a/Ikzf2/Trim12a/Plxdc2/Ncald
48h_IL2_promoted,48h_IL2_promoted,12,0.30397617300548246,0.7471160378201915,0.8085738539898133,0.8085738539898133,0.8085738539898133,280,"tags=67%, list=41%, signal=40%",Furin/Ctla2a/Prdm1/Irf4/Pim1/Cdk6/Dgkh/Ttc39c
