ID,Description,setSize,enrichmentScore,NES,pvalue,p.adjust,qvalues,rank,leading_edge,core_enrichment
48h_IL2_repressed,48h_IL2_repressed,5,-0.44915411626383056,-1.1781419911681648,0.25760407816482583,0.5152081563296517,0.5152081563296517,24,"tags=40%, list=6%, signal=38%",Ldlrad4/Frmd4a
48h_IL2_promoted,48h_IL2_promoted,3,-0.3999957565419269,-0.8492038286342775,0.6556796030480241,0.6556796030480241,0.6556796030480241,12,"tags=100%, list=3%, signal=98%",Vim/Mrvi1
