ID,Description,setSize,enrichmentScore,NES,pvalue,p.adjust,qvalues,rank,leading_edge,core_enrichment
48h_IL2_repressed,48h_IL2_repressed,44,-0.31363739625405107,-1.2147940281461014,0.1629611531883704,0.3259223063767408,0.3259223063767408,74,"tags=20%, list=12%, signal=19%",Xaf1/Trim12a/Ifi203/Phf11b/Ms4a4c/Trim34a/Tcp11l2/Pou6f1/Tbc1d4
48h_IL2_promoted,48h_IL2_promoted,11,0.3519151866925627,0.9029226023080817,0.5911722141823444,0.5911722141823444,0.5911722141823444,20,"tags=18%, list=3%, signal=18%",Irf4/Ifng
