{
    "read_files": "( 276_4_R1.fastq, 276_4_R2.fastq )",
    "expected_format": "IU",
    "compatible_fragment_ratio": 0.99839149653177839,
    "num_compatible_fragments": 16699823,
    "num_assigned_fragments": 16726728,
    "num_consistent_mappings": 42245125,
    "num_inconsistent_mappings": 11242171,
    "strand_mapping_bias": 0.49956024511704011,
    "MSF": 0,
    "OSF": 14966,
    "ISF": 21141140,
    "MSR": 0,
    "OSR": 14456,
    "ISR": 21103985,
    "SF": 5519749,
    "SR": 5633519,
    "MU": 0,
    "OU": 0,
    "IU": 0,
    "U": 0
}