comparison,pathway,NES,padj,leadingEdge_signal,mlog10padj
CD25KO,48h_IL2_repressed,1.6056888590226988,0.0011981428785382657,17,2.921491389241539
CD25KO,48h_IL2_promoted,1.1964013696777291,0.18979732050841636,13,0.7217099230816625
CD25WT,48h_IL2_repressed,-1.4131098484995919,0.01885804085908853,27,1.7245034276263795
CD25WT,48h_IL2_promoted,1.4833802664999483,0.03056768558951965,10,1.5147374423256312
P14NAV,48h_IL2_promoted,-1.5644446287714227,0.032908116102791644,21,1.4826969791331703
P14NAV,48h_IL2_repressed,1.2429514377936068,0.0689566777749295,25,1.1614236703093834
