comparison,pathway,NES,padj,pval,leadingEdge_signal,mlog10padj,mlog10pval
CD25KO,48h_IL2_repressed,1.667017076015984,0.001564945226917058,7.82472613458529e-4,17,2.8055008581584002,3.1065308538223815
CD25KO,48h_IL2_promoted,1.0637291512064195,0.34015461573442474,0.34015461573442474,10,0.46832363149632905,0.46832363149632905
CD25WT,48h_IL2_repressed,-1.3917817097977994,0.01639344262295082,0.00819672131147541,27,1.7853298350107671,2.0863598306747484
CD25WT,48h_IL2_promoted,1.4731470619587257,0.027739442451007453,0.027739442451007453,10,1.5569022722780292,1.5569022722780292
P14NAV,48h_IL2_promoted,-1.5546085308495734,0.027744061036934282,0.013872030518467141,21,1.5568299687549725,1.8578599644189537
P14NAV,48h_IL2_repressed,1.2374444490675294,0.06710490276636538,0.06710490276636538,25,1.1732457485851948,1.1732457485851948
