comparison,pathway,NES,padj,pval,leadingEdge_signal,mlog10padj,mlog10pval
CD25KO,48h_IL2_repressed,1.655007748073453,0.0017937219730941704,8.968609865470852e-4,18,2.746244871720198,3.0472748673841794
CD25KO,48h_IL2_promoted,1.000124021069714,0.4486404833836858,0.4486404833836858,12,0.3481015401224876,0.3481015401224876
CD25WT,48h_IL2_repressed,-1.419462763674165,0.013264554163596167,0.006632277081798084,28,1.877307342556431,2.178337338220412
CD25WT,48h_IL2_promoted,1.5008946554470821,0.016513517112797974,0.016513517112797974,13,1.7821604191656506,1.7821604191656506
P14NAV,48h_IL2_promoted,-1.5336449481767254,0.02566271855611957,0.014780835881753314,30,1.5906973389438055,1.8303010051449735
P14NAV,48h_IL2_repressed,1.3209505904381353,0.02566271855611957,0.02566271855611957,29,1.5906973389438055,1.5906973389438055
