comparison,pathway,NES,padj,leadingEdge_signal,mlog10padj
CD25KO,48h_IL2_repressed,1.6224089268807314,0.008427876823338737,23,2.0742818203984426
CD25KO,48h_IL2_promoted,1.201548476731877,0.21001050052502626,8,0.6777589899990993
CD25WT,48h_IL2_repressed,-1.529895452479985,0.011913853673438215,24,1.9239477382315162
CD25WT,48h_IL2_promoted,1.6054601159597177,0.011913853673438215,15,1.9239477382315162
P14NAV,48h_IL2_promoted,-1.4633379763048735,0.09306637004078606,26,1.0312072249718531
P14NAV,48h_IL2_repressed,1.2198796833791548,0.12590855803048065,25,0.8999447498039863
