{
    "read_files": "( 276_12_R1.fastq, 276_12_R2.fastq )",
    "expected_format": "IU",
    "compatible_fragment_ratio": 0.9979571874006582,
    "num_compatible_fragments": 17520323,
    "num_assigned_fragments": 17556187,
    "num_consistent_mappings": 45821256,
    "num_inconsistent_mappings": 9544955,
    "strand_mapping_bias": 0.49964396436448621,
    "MSF": 0,
    "OSF": 27191,
    "ISF": 22926942,
    "MSR": 0,
    "OSR": 25921,
    "ISR": 22894314,
    "SF": 4690461,
    "SR": 4745908,
    "MU": 0,
    "OU": 0,
    "IU": 0,
    "U": 0
}