{
    "read_files": "( 276_7_R1.fastq, 276_7_R2.fastq )",
    "expected_format": "IU",
    "compatible_fragment_ratio": 0.99805957038207405,
    "num_compatible_fragments": 17063040,
    "num_assigned_fragments": 17096214,
    "num_consistent_mappings": 43572541,
    "num_inconsistent_mappings": 10022281,
    "strand_mapping_bias": 0.49906875984120364,
    "MSF": 0,
    "OSF": 22612,
    "ISF": 21826847,
    "MSR": 0,
    "OSR": 22104,
    "ISR": 21745694,
    "SF": 4914833,
    "SR": 5008446,
    "MU": 0,
    "OU": 0,
    "IU": 0,
    "U": 0
}