ID,Description,setSize,enrichmentScore,NES,pvalue,p.adjust,qvalues,rank,leading_edge,core_enrichment
48h_IL2_promoted,48h_IL2_promoted,53,0.3769337216837294,0.9728677942457009,0.5360078921407432,0.7128364805142627,0.7128364805142627,497,"tags=11%, list=11%, signal=10%",Frmd4b/Cdk6/Ppt1/Tmem163/Chd7/Ctla2a
48h_IL2_repressed,48h_IL2_repressed,183,0.3289285946985351,0.903098104570029,0.7128364805142627,0.7128364805142627,0.7128364805142627,582,"tags=14%, list=13%, signal=13%",Zfp784/Rnf43/Pou6f1/Fam78a/Baiap3/Rab37/Art2b/Trim5/Slamf6/Crtam/Sesn3/Ehd3/Asap1/Hsd11b1/Ifi208/Ripor2/Ifi214/Itga4/Samd9l/Ipcef1/Gbp4/9930111J21Rik2/Klf2/Gbp7/Dgka/Phf11b
