ID,Description,setSize,enrichmentScore,NES,pvalue,p.adjust,qvalues,rank,leading_edge,core_enrichment
48h_IL2_promoted,48h_IL2_promoted,53,0.4882935554324156,1.0963631467031616,0.3651336898395722,0.7302673796791443,0.7302673796791443,649,"tags=15%, list=14%, signal=13%",Frmd4b/Cdk6/Ppt1/Tmem163/Chd7/Ccr5/Pim1/Il18r1
48h_IL2_repressed,48h_IL2_repressed,166,0.35806461990701166,0.8306944746890617,0.8561417559315246,0.8561417559315246,0.8561417559315246,582,"tags=13%, list=13%, signal=12%",Zfp784/Pou6f1/Fam78a/Baiap3/Art2b/Trim5/Slamf6/Crtam/Ehd3/Asap1/Hsd11b1/Ifi208/Ifi214/Itga4/Samd9l/Ipcef1/Gbp4/9930111J21Rik2/Klf2/Gbp7/Dgka/Phf11b
