ID,Description,setSize,enrichmentScore,NES,pvalue,p.adjust,qvalues,rank,leading_edge,core_enrichment
48h_IL2_promoted,48h_IL2_promoted,53,0.5010344755115965,1.0671840370545587,0.39991741509239187,0.7998348301847837,0.7998348301847837,132,"tags=8%, list=3%, signal=7%",Pomgnt2/Nav1/Cdk6/Aqp9
48h_IL2_repressed,48h_IL2_repressed,166,0.3690040055984666,0.8120385242311235,0.9095457274364619,0.9095457274364619,0.9095457274364619,385,"tags=8%, list=8%, signal=7%",Arrdc4/Dhrs3/Serpina3g/Car2/F830016B08Rik/Nrgn/Asap1/Gm4951/Ehd3/Myo1e/Srgap3/Tbc1d4/Lpar6
