{
    "read_files": "( 276_5_R1.fastq, 276_5_R2.fastq )",
    "expected_format": "IU",
    "compatible_fragment_ratio": 0.9980370963824502,
    "num_compatible_fragments": 17994023,
    "num_assigned_fragments": 18029413,
    "num_consistent_mappings": 47348015,
    "num_inconsistent_mappings": 10626945,
    "strand_mapping_bias": 0.49932215743363262,
    "MSF": 0,
    "OSF": 22497,
    "ISF": 23706102,
    "MSR": 0,
    "OSR": 21501,
    "ISR": 23641913,
    "SF": 5212894,
    "SR": 5306124,
    "MU": 0,
    "OU": 0,
    "IU": 0,
    "U": 0
}