{
    "read_files": "( 276_16_R1.fastq, 276_16_R2.fastq )",
    "expected_format": "IU",
    "compatible_fragment_ratio": 0.99781377999584919,
    "num_compatible_fragments": 17202112,
    "num_assigned_fragments": 17239802,
    "num_consistent_mappings": 43794678,
    "num_inconsistent_mappings": 9736539,
    "strand_mapping_bias": 0.49881686537345932,
    "MSF": 0,
    "OSF": 27425,
    "ISF": 21949154,
    "MSR": 0,
    "OSR": 25906,
    "ISR": 21845524,
    "SF": 4793694,
    "SR": 4830833,
    "MU": 0,
    "OU": 0,
    "IU": 0,
    "U": 0
}