{
    "read_files": "( 276_18_R1.fastq, 276_18_R2.fastq )",
    "expected_format": "IU",
    "compatible_fragment_ratio": 0.99862242416515568,
    "num_compatible_fragments": 16918741,
    "num_assigned_fragments": 16942080,
    "num_consistent_mappings": 51276626,
    "num_inconsistent_mappings": 19423668,
    "strand_mapping_bias": 0.49932517010772121,
    "MSF": 0,
    "OSF": 17922,
    "ISF": 25672916,
    "MSR": 0,
    "OSR": 17619,
    "ISR": 25603710,
    "SF": 9593877,
    "SR": 9703689,
    "MU": 0,
    "OU": 0,
    "IU": 0,
    "U": 0
}