ID,Description,setSize,enrichmentScore,NES,pvalue,p.adjust,qvalues,rank,leading_edge,core_enrichment
48h_IL2_repressed,48h_IL2_repressed,28,0.36644163559641807,1.3345075951726342,0.09636098981077147,0.19272197962154294,0.19272197962154294,72,"tags=46%, list=24%, signal=39%",Tmem71/Cmah/Ddx58/Cxcr6/Epsti1/Ifi214/Tcp11l2/Ifi213/Ddx60/Klrd1/Arl5c/Dgka/Slamf6
48h_IL2_promoted,48h_IL2_promoted,6,0.33783783783783783,0.7680917796985789,0.752103871122866,0.752103871122866,0.752103871122866,202,"tags=100%, list=67%, signal=34%",Cdk6/Pim1/Il18r1/Ifng/Irf4/Ttc39c
