"{'params': {'use_highly_variable': False, 'zero_center': True}, 'variance': array([67.274704 , 11.793824 ,  6.998782 ,  4.518149 ,  3.68596  ,
        2.9568748,  2.7554834,  2.605311 ,  2.4191594,  2.2595906,
        2.1035726,  1.9918824,  1.9307048,  1.8842715,  1.8365657,
        1.76872  ,  1.7470139,  1.6890541,  1.6768774,  1.6661352],
      dtype=float32), 'variance_ratio': array([0.14155765, 0.02481625, 0.01472665, 0.00950697, 0.0077559 ,
       0.00622178, 0.00579802, 0.00548203, 0.00509033, 0.00475457,
       0.00442628, 0.00419127, 0.00406254, 0.00396483, 0.00386445,
       0.00372169, 0.00367602, 0.00355406, 0.00352844, 0.00350584],
      dtype=float32)}"
