louvain_old,x,y,louvain
0,2.8609536778809006,-1.299105114620505,P0
1,1.8356787678788857,-2.114772687694847,P1
2,-0.8174264543349352,0.15937814306326217,P6
3,1.4001726430216388,0.6879719689073578,P5
4,0.3430025808072442,0.18796327651261363,P4
5,2.1478171867496725,-0.7005714648236064,P0.2
6,2.5030235713246163,-1.8852289425730333,P0.1
7,-0.39945325261733633,1.1734717500757843,P7
8,-0.410308029260131,-0.8984773519681933,P3
9,1.2096638477079698,-1.0673279520406311,P2
