,WT_P3,KO_P3
Bach2,1.3983847,1.6921991
Tnfsf8,0.4557067,0.99120855
Nfat5,0.39309216,0.46814597
Ldlrad4,0.579256,0.48490295
Zhx2,0.08012323,0.09051543
Pou6f1,0.22741023,0.37701088
Gm20275,0.121676005,0.24057573
Parp8,0.20591414,0.25296313
Dnah8,0.23637715,0.19518048
Zfp831,0.21761754,0.21539176
