{
    "read_files": "( 276_6_R1.fastq, 276_6_R2.fastq )",
    "expected_format": "IU",
    "compatible_fragment_ratio": 0.99800831139386226,
    "num_compatible_fragments": 17195285,
    "num_assigned_fragments": 17229601,
    "num_consistent_mappings": 43024469,
    "num_inconsistent_mappings": 10275078,
    "strand_mapping_bias": 0.49921185546764096,
    "MSF": 0,
    "OSF": 21320,
    "ISF": 21546144,
    "MSR": 0,
    "OSR": 20646,
    "ISR": 21478325,
    "SF": 5045950,
    "SR": 5125632,
    "MU": 0,
    "OU": 0,
    "IU": 0,
    "U": 0
}