ID,Description,setSize,enrichmentScore,NES,pvalue,p.adjust,qvalues,rank,leading_edge,core_enrichment
48h_IL2_promoted,48h_IL2_promoted,115,0.6914093226960532,1.2911238528702769,0.05776173285198556,0.11552346570397112,0.11552346570397112,880,"tags=18%, list=7%, signal=17%",Aqp9/Dmwd/Nav1/Armcx4/Gm13522/Emilin2/Tnfrsf8/Mrvi1/Slc26a10/Gm15473/Gm17590/B4galt4/Eps8/Osbpl1a/Treml2/Lilrb4a/Etv5/Maats1/Slc29a2/Tmcc3/Il2ra
48h_IL2_repressed,48h_IL2_repressed,234,0.4982754762341056,0.9817908961243486,0.5251903269144649,0.5251903269144649,0.5251903269144649,852,"tags=8%, list=7%, signal=8%",9930111J21Rik1/Cstad/Gm11342/Rnf122/Kcnmb4/Il15/Frmd4a/Rnf43/Pgpep1l/Cbfa2t3/Gm15133/Iigp1/Arrdc4/Card10/Gm45552/Ap1m2/Gm11579/Ticam2/Atp9a
