"{'params': {'zero_center': True, 'use_highly_variable': False}, 'variance': array([54.587032 , 14.244046 ,  7.63085  ,  5.01163  ,  3.7943919,
        3.4518213,  2.5119615,  2.4663348,  2.2459264,  1.9627991,
        1.8273579,  1.6279281,  1.5928727,  1.4887468,  1.4134866,
        1.376084 ,  1.3480531,  1.3186127,  1.2912439,  1.2214756],
      dtype=float32), 'variance_ratio': array([0.11855332, 0.03093553, 0.01657285, 0.01088437, 0.00824074,
       0.00749674, 0.00545553, 0.00535644, 0.00487775, 0.00426285,
       0.0039687 , 0.00353557, 0.00345944, 0.00323329, 0.00306984,
       0.00298861, 0.00292773, 0.00286379, 0.00280435, 0.00265283],
      dtype=float32)}"
