ID,Description,setSize,enrichmentScore,NES,pvalue,p.adjust,qvalues,rank,leading_edge,core_enrichment
48h_IL2_repressed,48h_IL2_repressed,234,0.5536659846809698,1.1827864766193041,0.09092135437744503,0.18184270875489006,0.18184270875489006,856,"tags=10%, list=7%, signal=9%",Glcci1/Apol7e/Gm11342/Acpp/Myo1e/Kcnmb4/Tnnt3/Gm26551/A630023P12Rik/Cpq/Gm4951/Cstad/Gm16086/Tox2/St8sia1/Ifit1bl2/Lynx1/Gm15133/Nav2/Spink13/Ap1m2/Mcoln3/Gm12185
48h_IL2_promoted,48h_IL2_promoted,115,-0.46263972614748045,-1.011014197650726,0.3921684959952536,0.3921684959952536,0.3921684959952536,671,"tags=15%, list=5%, signal=14%",BC035044/Asph/Maats1/Gm13522/Hbegf/Armcx4/Lonrf1/Repin1/Fzd7/Amz1/Gm27019/Enah/Gm17590/Pkib/Dab2ip/Tmcc3/Sema7a
