{
    "read_files": "( 276_2_R1.fastq, 276_2_R2.fastq )",
    "expected_format": "IU",
    "compatible_fragment_ratio": 0.99820655767955035,
    "num_compatible_fragments": 17299835,
    "num_assigned_fragments": 17330917,
    "num_consistent_mappings": 43828524,
    "num_inconsistent_mappings": 9901703,
    "strand_mapping_bias": 0.49899914494040454,
    "MSF": 0,
    "OSF": 20583,
    "ISF": 21958128,
    "MSR": 0,
    "OSR": 19241,
    "ISR": 21870396,
    "SF": 4875492,
    "SR": 4931262,
    "MU": 0,
    "OU": 0,
    "IU": 0,
    "U": 0
}