{
    "read_files": "( 276_20_R1.fastq, 276_20_R2.fastq )",
    "expected_format": "IU",
    "compatible_fragment_ratio": 0.99855689544568838,
    "num_compatible_fragments": 17426081,
    "num_assigned_fragments": 17451265,
    "num_consistent_mappings": 52108124,
    "num_inconsistent_mappings": 21144401,
    "strand_mapping_bias": 0.4995385748295218,
    "MSF": 0,
    "OSF": 21300,
    "ISF": 26078106,
    "MSR": 0,
    "OSR": 20568,
    "ISR": 26030018,
    "SF": 10436303,
    "SR": 10570724,
    "MU": 0,
    "OU": 0,
    "IU": 0,
    "U": 0
}