ID,Description,setSize,enrichmentScore,NES,pvalue,p.adjust,qvalues,rank,leading_edge,core_enrichment
48h_IL2_repressed,48h_IL2_repressed,234,-0.5804478575854416,-1.153621439194724,0.13967437874892888,0.15839628123184196,0.15839628123184196,1372,"tags=17%, list=11%, signal=16%",A630023P12Rik/Gm43672/Gbp4/Spo11/Tlr1/Gm15133/Gbp2/Gbp7/Iigp1/Endod1/Gm11342/Gm19261/Tmie/Gm33104/Ms4a4c/Gm11998/Lad1/Klrb1f/Gm45552/Cfap77/9930111J21Rik1/Serpina3g/Kit/2010109I03Rik/Kcnip3/Slc46a3/Xcl1/Ap1m2/Gm26583/Cnrip1/Cpq/Prss30/Gm44175/Dapk2/Gm4951/Samd3/Cd86/Apol7e/Cd200r4/Podnl1
48h_IL2_promoted,48h_IL2_promoted,115,-0.6192707462099052,-1.1807783473179747,0.15839628123184196,0.15839628123184196,0.15839628123184196,987,"tags=20%, list=8%, signal=19%",Enpp1/Tgm2/Nav1/Slc39a8/Tmem163/Ptprk/Dusp8/Slc29a2/Pros1/Itih5/Pycr1/Alpk2/Rhoq/Socs2/Lonrf1/Gm27019/Setbp1/Selp/Lilrb4a/Adgrb2/BC035044/Lif/Tbc1d16
