{
    "read_files": "( 276_15_R1.fastq, 276_15_R2.fastq )",
    "expected_format": "IU",
    "compatible_fragment_ratio": 0.99800626072879739,
    "num_compatible_fragments": 17617064,
    "num_assigned_fragments": 17652258,
    "num_consistent_mappings": 45091264,
    "num_inconsistent_mappings": 10218119,
    "strand_mapping_bias": 0.49964367820782313,
    "MSF": 0,
    "OSF": 23917,
    "ISF": 22561699,
    "MSR": 0,
    "OSR": 21900,
    "ISR": 22529565,
    "SF": 5028636,
    "SR": 5083984,
    "MU": 0,
    "OU": 0,
    "IU": 0,
    "U": 0
}