,wt,ko
Mcm5,-0.5726274251937866,-0.6269555687904358
Mcm7,-0.6583166122436523,-0.46863508224487305
Nap1l1,-0.6598485112190247,-0.48984295129776
Hnrnpab,-0.4664895832538605,-0.37386709451675415
Baz1b,-0.14496350288391113,0.04911917820572853
Il2rb,-0.22514228522777557,-0.31518712639808655
Ezh2,-0.7293803095817566,-0.5712386965751648
Hells,-0.4309238791465759,-0.31860995292663574
Uhrf1,-0.6829557418823242,-0.22925375401973724
Snrpd1,-0.6316471695899963,-0.6326611042022705
