,wt,ko
Batf,0.8560124635696411,1.1461161375045776
Cxcr3,0.905849039554596,0.9438362121582031
Nfkbia,0.5681771636009216,0.8753299117088318
Tcf7,0.9635965824127197,1.039617896080017
Cd28,0.7809423804283142,0.71006178855896
Crtam,1.3480037450790405,1.1986438035964966
Cd9,0.7671549320220947,1.118893027305603
Itgb1,0.7414110898971558,0.9109487533569336
Slamf6,0.7098862528800964,1.0147210359573364
Ighm,0.567441999912262,0.8931040167808533
