,wt,ko
Hmgb2,0.5684505105018616,0.5831965804100037
H2afz,0.509208083152771,0.5462192893028259
Mcm5,1.1352524757385254,1.1668994426727295
Mcm6,1.1188552379608154,1.201655626296997
Lgals3,0.8601157069206238,0.7594795823097229
Dek,0.5803021788597107,0.5049756169319153
Mcm3,1.125711441040039,1.169276475906372
Sub1,0.4908491373062134,0.3892744481563568
Ybx1,0.3865569233894348,0.46228212118148804
Mcm7,0.8107430934906006,0.9373282790184021
