,wt,ko
Hmgb2,0.786824107170105,0.921092689037323
H2afz,0.5671948194503784,0.7499081492424011
Dek,0.7563965320587158,0.8998339176177979
Aurkb,1.7831394672393799,1.4244359731674194
Ezh2,0.9147640466690063,1.1173397302627563
Snrpd1,0.4310651421546936,0.5201658010482788
Mxd3,1.6562212705612183,1.480208158493042
Sub1,0.14668656885623932,0.3121424913406372
Hist1h1e,1.3351904153823853,1.1490991115570068
Cbx3,0.4677429497241974,0.6457515954971313
