,wt,ko
Sub1,0.9494484663009644,1.0178602933883667
Klrd1,1.0003618001937866,0.8240783214569092
Itga4,0.9257798194885254,0.94706130027771
Id2,1.0841872692108154,0.8170104622840881
Itgb2,0.9297243356704712,0.833404004573822
Ifngr1,0.8906497359275818,0.8243589401245117
Klrc1,1.145539402961731,1.0215166807174683
Cd48,0.8353309631347656,0.7176103591918945
Ccr2,1.0341136455535889,1.0369722843170166
Itgax,1.0844228267669678,0.8450757265090942
