,wt,ko
Hmgb2,2.003645896911621,1.9670926332473755
H2afz,1.7368465662002563,1.6784608364105225
Cd48,1.1605265140533447,1.4163312911987305
Itgb2,0.9219971299171448,0.8282052874565125
Lgals3,1.1876635551452637,1.2559418678283691
Fkbp2,1.3455419540405273,0.9463167190551758
Itga4,0.8092612028121948,1.0112016201019287
Actb,0.8122087121009827,0.8080379366874695
Ly6a,0.7683966755867004,0.7939828038215637
Id2,0.8286744952201843,0.6893844604492188
