ID,Description,setSize,enrichmentScore,NES,pvalue,p.adjust,qvalues,rank,leading_edge,core_enrichment
P1_Il2raKO_down,P1_Il2raKO_down,18,0.22601729628852985,1.1617053163807192,0.25365999402449957,0.6270104895104894,0.6270104895104895,243,"tags=89%, list=65%, signal=32%",Rnf225/Zfp446/Glipr1/Usp6nl/1300002E11Rik/Stoml2/Klrd1/Rab5a/Itfg1/Vim/Il12rb1/Rpl18a/Tango6/Picalm/Bzw2/Smg6
general_Il2raKO_down,general_Il2raKO_down,49,-0.16947951705609632,-1.1291641100283782,0.312761647535449,0.6270104895104894,0.6270104895104895,96,"tags=35%, list=26%, signal=30%",Mbd2/Pgrmc2/Slc30a9/Mad2l1/Txnrd1/Uqcrfs1/Ppid/4930579G24Rik/Ctsc/Serp1/Cpox/Cldnd1/Dgkz/Cmc2/Mtpn/Gprin3/E2f7/Prpf18
general_Il2raKO_up,general_Il2raKO_up,3,0.49593495934959353,1.0810163265668788,0.36340445269016697,0.6270104895104894,0.6270104895104895,189,"tags=100%, list=51%, signal=50%",Rps5/Dse/Rpl18a
P1_Il2raKO_up,P1_Il2raKO_up,18,-0.20870722976936074,-0.9952708535537452,0.4577858329557469,0.6270104895104894,0.6270104895104895,155,"tags=57%, list=42%, signal=35%",Prkacb/Tspan13/Mettl16/Mnt/Gprin3/Tspan13/Mettl8/Slc30a9/0610037L13Rik/Ldlrad4/Gprin3/Wdr37
P2_Il2raKO_up,P2_Il2raKO_up,2,0.5209757345192525,0.9350355157601729,0.5225087412587412,0.6270104895104894,0.6270104895104895,9,"tags=50%, list=2%, signal=49%",Rps5
P2_Il2raKO_down,P2_Il2raKO_down,1,-0.6657681940700809,-0.8903365694387131,0.6656626506024096,0.6656626506024096,0.6656626506024096,126,"tags=100%, list=34%, signal=66%",
