gene_name,P2-P1_likelihood,P5-P2_likelihood,P5-P6_likelihood,P3-P5_likelihood,act_likelihood,P2-P7_likelihood,P7-P8_likelihood,P2-P4_likelihood,P9-P4_likelihood,P9-P10_likelihood,P6-P2_likelihood,P3-P6_likelihood,P5-P4_likelihood,P5-P7_likelihood,P5-P8_likelihood,P6-P7_likelihood,P6-P8_likelihood,P9-P6_likelihood,P9-P7_likelihood,P9-P8_likelihood
Tcf7,0.6903635159096441,0.3083588948205481,0.17725670332611984,0.2479298391245643,0.4201382571375093,0.6555540481635596,0.2703516232645213,0.3941683359355062,0.29392208977677725,0.2973797132798426,0.3306690933024685,0.2600134685790625,0.21847585059056507,0.6613515080149246,0.2725897149374236,0.6784935785481769,0.1799396754177959,0.3167569645607577,0.2815636302496393,0.2888398649755196
