gene_name,P5-P2_likelihood,P5-P6_likelihood,P3-P5_likelihood,P5-P4_likelihood,P5-P7_likelihood,P5-P8_likelihood
Cd74,0.5386467087046601,0.26859538804681826,0.2904028744606369,0.5474023271269362,0.34229180622952904,0.5851438327715778
Tcf7,0.3034250313742613,0.2811446559069222,0.6135922008144442,0.2153999657765107,0.7072633143114253,0.28700579181469754
Aff3,0.25264018579140385,0.16670158909012905,0.3615619664875631,0.22615376530061115,0.5462051192048242,0.12351542990920872
Tnfsf8,0.3297658670870904,0.2487391213440967,0.4191477931533314,0.2464053811253687,0.6323886068307957,0.17217016278227726
