{
    "read_files": "( 276_14_R1.fastq, 276_14_R2.fastq )",
    "expected_format": "IU",
    "compatible_fragment_ratio": 0.99811337361618946,
    "num_compatible_fragments": 17157512,
    "num_assigned_fragments": 17189943,
    "num_consistent_mappings": 44620953,
    "num_inconsistent_mappings": 8927656,
    "strand_mapping_bias": 0.49938330541707615,
    "MSF": 0,
    "OSF": 23049,
    "ISF": 22337994,
    "MSR": 0,
    "OSR": 22651,
    "ISR": 22282959,
    "SF": 4397154,
    "SR": 4435258,
    "MU": 0,
    "OU": 0,
    "IU": 0,
    "U": 0
}