comparison,pathway,NES,padj,pval,leadingEdge_signal,mlog10padj,mlog10pval
WangDapeng_D5EEC,48h_IL2_repressed,2.148096144849158,2.249212775528565e-4,1.7803097739006588e-4,48,3.647969458362972,3.749504423876142
WangDapeng_D5EEC,48h_IL2_promoted,-1.6211532387118144,2.249212775528565e-4,2.249212775528565e-4,33,3.647969458362972,3.647969458362972
WangDapeng_D5SLEC,48h_IL2_promoted,-1.5876532809272677,2.050020500205002e-4,1.9223375624759708e-4,36,3.688241795977712,3.716170347859854
WangDapeng_D5SLEC,48h_IL2_repressed,1.9811563813198743,2.050020500205002e-4,2.050020500205002e-4,39,3.688241795977712,3.688241795977712
