From,To,Conn
P0,P6,0.733571053
P1,P4,0.322344291
P3,P9,0.375689336
P4,P9,0.530287161
P5,P6,0.641142529
P6,P3,0.666507596
P7,P2,0.675894476
P7,P4,0.605366357
P8,P2,0.612778179