old_name,new_name,x,y
P0,0,-9.234240773,-12.39184892
P1,5,-3.897067448,-9.678506096
P2,6,-3.81137241,-4.730611116
P3,1,-11.75711334,-11.77714957
P4,2,-7.463677213,-6.603987389
P5,0.2,-6.425006765,-12.86242639
P6,0.1,-9.511552108,-14.14084128
P7,7,-6.30427522,-3.864676914
P8,3,-4.742276267,-7.259844282
P9,2,-8.472233358,-9.73953665