{
    "read_files": "( 276_13_R1.fastq, 276_13_R2.fastq )",
    "expected_format": "IU",
    "compatible_fragment_ratio": 0.99809730831327426,
    "num_compatible_fragments": 17642904,
    "num_assigned_fragments": 17676537,
    "num_consistent_mappings": 46602002,
    "num_inconsistent_mappings": 9580928,
    "strand_mapping_bias": 0.49897600965726752,
    "MSF": 0,
    "OSF": 25937,
    "ISF": 23348721,
    "MSR": 0,
    "OSR": 25051,
    "ISR": 23253281,
    "SF": 4727268,
    "SR": 4753435,
    "MU": 0,
    "OU": 0,
    "IU": 0,
    "U": 0
}