ID,Description,setSize,enrichmentScore,NES,pvalue,p.adjust,qvalues,rank,leading_edge,core_enrichment
48h_IL2_promoted,48h_IL2_promoted,115,-0.691409322696053,-1.2922745959621929,0.05144494270054808,0.10288988540109616,0.10288988540109616,881,"tags=18%, list=7%, signal=17%",Il2ra/Tmcc3/Slc29a2/Maats1/Etv5/Lilrb4a/Treml2/Eps8/Osbpl1a/B4galt4/Gm17590/Gm15473/Slc26a10/Mrvi1/Tnfrsf8/Emilin2/Gm13522/Armcx4/Nav1/Dmwd/Aqp9
48h_IL2_repressed,48h_IL2_repressed,234,-0.4981958203475355,-0.9832751332893521,0.5221209050996285,0.5221209050996285,0.5221209050996285,854,"tags=9%, list=7%, signal=8%",Lpar6/Atp9a/Ticam2/Gm11579/Ap1m2/Gm45552/Card10/Arrdc4/Iigp1/Gm15133/Cbfa2t3/Pgpep1l/Rnf43/Frmd4a/Il15/Kcnmb4/Rnf122/Gm11342/Cstad/9930111J21Rik1
