{
    "read_files": "( 276_8_R1.fastq, 276_8_R2.fastq )",
    "expected_format": "IU",
    "compatible_fragment_ratio": 0.99776618135119799,
    "num_compatible_fragments": 17039335,
    "num_assigned_fragments": 17077483,
    "num_consistent_mappings": 43026837,
    "num_inconsistent_mappings": 9401089,
    "strand_mapping_bias": 0.49935706405748581,
    "MSF": 0,
    "OSF": 28772,
    "ISF": 21541082,
    "MSR": 0,
    "OSR": 28275,
    "ISR": 21485755,
    "SF": 4623352,
    "SR": 4665505,
    "MU": 0,
    "OU": 0,
    "IU": 0,
    "U": 0
}