{
    "read_files": "( 276_24_R1.fastq, 276_24_R2.fastq )",
    "expected_format": "IU",
    "compatible_fragment_ratio": 0.99808256542563911,
    "num_compatible_fragments": 16565873,
    "num_assigned_fragments": 16597698,
    "num_consistent_mappings": 47286526,
    "num_inconsistent_mappings": 11705166,
    "strand_mapping_bias": 0.49895566445291412,
    "MSF": 0,
    "OSF": 27301,
    "ISF": 23692646,
    "MSR": 0,
    "OSR": 26082,
    "ISR": 23593880,
    "SF": 5763057,
    "SR": 5838982,
    "MU": 0,
    "OU": 0,
    "IU": 0,
    "U": 0
}