"{'params': {'use_highly_variable': False, 'zero_center': True}, 'variance': array([32.65164  , 13.59807  ,  9.300484 ,  6.393987 ,  5.0610814,
        4.645973 ,  3.4003205,  3.2706544,  3.0963666,  2.74583  ,
        2.5425045,  2.467093 ,  2.3759391,  2.3422632,  2.2437356,
        2.1761248,  2.0704587,  2.0304437,  2.0147564,  1.9637854],
      dtype=float32), 'variance_ratio': array([0.07603701, 0.0316663 , 0.02165836, 0.0148899 , 0.01178592,
       0.01081924, 0.00791844, 0.00761649, 0.00721062, 0.00639431,
       0.00592082, 0.00574521, 0.00553293, 0.00545451, 0.00522506,
       0.00506762, 0.00482155, 0.00472836, 0.00469183, 0.00457314],
      dtype=float32)}"
