cell_type,n_genes,percent_mito,n_counts,dpt_pseudotime,counts_per_gene
P14NAV,1668.7884012539184,0.025089925,5949.4985,0.07171694,3.50083946468007
CD25KO,2531.1555555555556,0.022806982,11173.064,0.47791576,4.245031236135849
CD25WT,3002.7394789579157,0.024919257,13854.387,0.60751337,4.385092018679964
