{
    "read_files": "( 276_22_R1.fastq, 276_22_R2.fastq )",
    "expected_format": "IU",
    "compatible_fragment_ratio": 0.99719869816523143,
    "num_compatible_fragments": 16169538,
    "num_assigned_fragments": 16214961,
    "num_consistent_mappings": 45445949,
    "num_inconsistent_mappings": 12599283,
    "strand_mapping_bias": 0.49920629889365936,
    "MSF": 0,
    "OSF": 20013,
    "ISF": 22759045,
    "MSR": 0,
    "OSR": 19493,
    "ISR": 22686904,
    "SF": 6198997,
    "SR": 6245710,
    "MU": 0,
    "OU": 0,
    "IU": 0,
    "U": 0
}