{
    "read_files": "( 276_11_R1.fastq, 276_11_R2.fastq )",
    "expected_format": "IU",
    "compatible_fragment_ratio": 0.99797712931569116,
    "num_compatible_fragments": 17831533,
    "num_assigned_fragments": 17867677,
    "num_consistent_mappings": 45613801,
    "num_inconsistent_mappings": 9908349,
    "strand_mapping_bias": 0.49879469592985687,
    "MSF": 0,
    "OSF": 27046,
    "ISF": 22861879,
    "MSR": 0,
    "OSR": 24789,
    "ISR": 22751922,
    "SF": 4884704,
    "SR": 4916827,
    "MU": 0,
    "OU": 0,
    "IU": 0,
    "U": 0
}