comparison,pathway,NES,padj,pval,leadingEdge_signal,mlog10padj,mlog10pval
Chd7_vs_Ctrl_gn,P1_Il2raKO_down,-0.8104794403205244,1,0.9672131147540983,27,-0,0.01447782336862286
Chd7_vs_Ctrl_gn,general_Il2raKO_down,-0.7624331667037753,1,0.9957293035479632,19,-0,0.0018587117309129526
Chd7_vs_Ctrl_gn,general_Il2raKO_up,0.6456814578328856,1,0.9973445798188066,24,-0,0.0011547682086794251
Chd7_vs_Ctrl_gn,P1_Il2raKO_up,-0.5939737631466728,1,1,24,-0,-0
shBrg1_vs_shCd19_gn,general_Il2raKO_up,1.4783600259127354,0.02753737214791503,0.006884343036978757,38,1.5600775062037324,2.162137497531695
shBrg1_vs_shCd19_gn,general_Il2raKO_down,-1.0239083586943751,0.7446982055464927,0.37234910277324634,26,0.12801969264809726,0.42904968831207846
shBrg1_vs_shCd19_gn,P1_Il2raKO_down,0.7631337813723125,1,0.9880975996826027,20,-0,0.005200155705767174
shBrg1_vs_shCd19_gn,P1_Il2raKO_up,0.5094521462337855,1,1,17,-0,-0
