comparison,pathway,NES,padj,pval,leadingEdge_signal,mlog10padj,mlog10pval
Chd7_vs_Ctrl_gn,48h_IL2_promoted,1.1658182059484608,0.2548460661345496,0.1274230330672748,17,0.5937220658980853,0.8947520615620664
Chd7_vs_Ctrl_gn,48h_IL2_repressed,0.7949072867034984,0.9793871100728322,0.9793871100728322,13,0.009045616124498038,0.009045616124498038
shBrg1_vs_shCd19_gn,48h_IL2_promoted,1.2664636051843037,0.06296441141963238,0.03148220570981619,28,1.2009048519944856,1.5019348476584669
shBrg1_vs_shCd19_gn,48h_IL2_repressed,0.9768802645497221,0.5222134073780246,0.5222134073780246,20,0.282151982234359,0.282151982234359
