ID,Description,setSize,enrichmentScore,NES,pvalue,p.adjust,qvalues,rank,leading_edge,core_enrichment
48h_IL2_repressed,48h_IL2_repressed,32,-0.539796143865676,-1.824536528350688,0.0024464831804281344,0.004892966360856269,0.0025752454530822465,155,"tags=50%, list=20%, signal=42%",Ipcef1/Ddx58/Cxcr6/Tcf7/Gpr183/Ncald/Phf11b/Mndal/Trim12a/Asap1/Crtam/Sesn3/Ccr9/Plxdc2/Slamf6/Ikzf2
48h_IL2_promoted,48h_IL2_promoted,13,-0.21202737901920543,-0.5641888716055767,0.9607030015797788,0.9607030015797788,0.5056331587261994,189,"tags=31%, list=25%, signal=24%",Ifng/Pim1/Prdm1/Il18r1
