hour,WT-KO_up,WT-KO_dn,WT-nav_up,WT-nav_dn,KO-nav_up,KO_nav_dn,WT-KO_up_and_WT-nav_up,WT-KO_dn_and_WT-nav_dn,WT-KO_up_and_WT-nav_up_pctg,WT-KO_dn_and_WT-nav_dn_pctg
0,9,58,0,0,0,0,0,0,0.0,0.0
6,46,54,3187,3518,2631,2631,33,44,1.0354565422026984,1.250710631040364
24,111,137,3525,3506,3197,3197,76,79,2.1560283687943262,2.253280091272105
48,591,535,3467,3168,2887,2887,416,336,11.998846264782232,10.606060606060606
